-- ==================================================================
-- BASE DE DATOS TFG - VERSIÓN FINAL (ROLES N:M + AUDITORÍA PRO)
-- ==================================================================

-- ENUMS
CREATE TYPE estado_matricula AS ENUM ('ACTIVA', 'BAJA', 'CONVALIDADO');
CREATE TYPE tipo_actividad AS ENUM ('EXAMEN', 'PRACTICA', 'RECUPERACION', 'ACTITUD');

-- ==================================================================
-- 1. GESTIÓN DE IDENTIDAD Y ROLES (MODIFICADO)
-- ==================================================================

-- 1.1 Tabla de Roles (Catálogo)
CREATE TABLE roles (
                       id SERIAL PRIMARY KEY,
                       nombre VARCHAR(50) NOT NULL UNIQUE -- 'ADMIN', 'PROFESOR', 'ALUMNO'
);

-- 1.2 Usuarios
CREATE TABLE usuarios (
                          id SERIAL PRIMARY KEY,
                          username VARCHAR(50) NOT NULL UNIQUE,
                          password_hash VARCHAR(255) NOT NULL,
                          nombre VARCHAR(100) NOT NULL,
                          apellidos VARCHAR(100) NOT NULL,
                          email VARCHAR(150) UNIQUE,
                          activo BOOLEAN DEFAULT TRUE,
                          fecha_registro TIMESTAMP DEFAULT CURRENT_TIMESTAMP
);

CREATE TABLE usuarios_roles (
                                usuario_id INT NOT NULL REFERENCES usuarios(id) ON DELETE CASCADE,
                                rol_id INT NOT NULL REFERENCES roles(id) ON DELETE CASCADE,
                                PRIMARY KEY (usuario_id, rol_id)
);

-- ==================================================================
-- 2. ESTRUCTURA ORGANIZATIVA
-- ==================================================================

CREATE TABLE centros (
                         id SERIAL PRIMARY KEY,
                         nombre VARCHAR(100) NOT NULL,
                         ubicacion VARCHAR(200),
                         configuracion JSONB
);

CREATE TABLE cursos_academicos (
                                   id SERIAL PRIMARY KEY,
                                   nombre VARCHAR(20) NOT NULL,
                                   fecha_inicio DATE NOT NULL,
                                   fecha_fin DATE NOT NULL,
                                   activo BOOLEAN DEFAULT FALSE
);

CREATE TABLE profesores_sedes (
                                  usuario_id INT NOT NULL REFERENCES usuarios(id),
                                  centro_id INT NOT NULL REFERENCES centros(id),
                                  PRIMARY KEY (usuario_id, centro_id)
);

-- ==================================================================
-- 3. CURRÍCULO
-- ==================================================================

CREATE TABLE modulos (
                         id SERIAL PRIMARY KEY,
                         codigo VARCHAR(20) NOT NULL,
                         nombre VARCHAR(150) NOT NULL
);

CREATE TABLE resultados_aprendizaje (
                                        id SERIAL PRIMARY KEY,
                                        modulo_id INT NOT NULL REFERENCES modulos(id),
                                        curso_academico_id INT NOT NULL REFERENCES cursos_academicos(id),
                                        codigo VARCHAR(20) NOT NULL,
                                        descripcion TEXT NOT NULL,
                                        peso_sugerido DECIMAL(5,2)
);

CREATE TABLE criterios_evaluacion (
                                      id SERIAL PRIMARY KEY,
                                      resultado_aprendizaje_id INT NOT NULL REFERENCES resultados_aprendizaje(id),
                                      codigo VARCHAR(20) NOT NULL,
                                      descripcion TEXT NOT NULL
);

-- ==================================================================
-- 4. EJECUCIÓN
-- ==================================================================

CREATE TABLE grupos (
                        id SERIAL PRIMARY KEY,
                        nombre VARCHAR(50) NOT NULL,
                        centro_id INT NOT NULL REFERENCES centros(id),
                        curso_academico_id INT NOT NULL REFERENCES cursos_academicos(id)
);

CREATE TABLE imparticiones (
                               id SERIAL PRIMARY KEY,
                               modulo_id INT NOT NULL REFERENCES modulos(id),
                               grupo_id INT NOT NULL REFERENCES grupos(id),
                               profesor_id INT NOT NULL REFERENCES usuarios(id),
                               centro_id INT NOT NULL REFERENCES centros(id),
                               configuracion_evaluacion JSONB
);

CREATE TABLE matriculas (
                            id SERIAL PRIMARY KEY,
                            alumno_id INT NOT NULL REFERENCES usuarios(id),
                            imparticion_id INT NOT NULL REFERENCES imparticiones(id),
                            centro_id INT NOT NULL REFERENCES centros(id),
                            es_repetidor BOOLEAN DEFAULT FALSE,
                            estado estado_matricula DEFAULT 'ACTIVA',
                            UNIQUE(alumno_id, imparticion_id)
);

-- ==================================================================
-- 5. EVALUACIÓN Y CALIFICACIONES
-- ==================================================================

CREATE TABLE periodos_evaluacion (
                                     id SERIAL PRIMARY KEY,
                                     imparticion_id INT NOT NULL REFERENCES imparticiones(id),
                                     nombre VARCHAR(50) NOT NULL,
                                     peso DECIMAL(5,2),
                                     cerrado BOOLEAN DEFAULT FALSE
);

CREATE TABLE items_evaluables (
                                  id SERIAL PRIMARY KEY,
                                  imparticion_id INT NOT NULL REFERENCES imparticiones(id),
                                  periodo_evaluacion_id INT NOT NULL REFERENCES periodos_evaluacion(id),
                                  nombre VARCHAR(100) NOT NULL,
                                  fecha DATE,
                                  tipo tipo_actividad NOT NULL,
                                  configuracion_rubrica JSONB
);

CREATE TABLE calificaciones (
                                id SERIAL PRIMARY KEY,
                                matricula_id INT NOT NULL REFERENCES matriculas(id),
                                item_evaluable_id INT NOT NULL REFERENCES items_evaluables(id),
                                valor DECIMAL(5,2),
                                comentario TEXT,
                                fecha_modificacion TIMESTAMP DEFAULT CURRENT_TIMESTAMP,
                                UNIQUE(matricula_id, item_evaluable_id)
);

-- ==================================================================
-- 6. AUDITORÍA FORENSE
-- ==================================================================

CREATE TABLE auditoria_notas (
                                 id SERIAL PRIMARY KEY,
                                 calificacion_id INT NOT NULL REFERENCES calificaciones(id),
                                 valor_anterior DECIMAL(5,2),
                                 valor_nuevo DECIMAL(5,2),
                                 usuario_responsable VARCHAR(100),
                                 fecha_cambio TIMESTAMP DEFAULT CURRENT_TIMESTAMP,
                                 motivo VARCHAR(255)
);

CREATE OR REPLACE FUNCTION registrar_cambio_nota()
RETURNS TRIGGER AS $$
DECLARE
app_user TEXT;
BEGIN
    -- Intentamos leer la variable de sesión inyectada por Spring Boot
BEGIN
        app_user := current_setting('app.current_user', true);
EXCEPTION WHEN OTHERS THEN
        app_user := current_user;
END;

    IF app_user IS NULL OR app_user = '' THEN
        app_user := 'SYSTEM_DB';
END IF;

    IF (TG_OP = 'UPDATE' AND OLD.valor <> NEW.valor) THEN
        INSERT INTO auditoria_notas (calificacion_id, valor_anterior, valor_nuevo, usuario_responsable, motivo)
        VALUES (NEW.id, OLD.valor, NEW.valor, app_user, 'Modificación registrada');
END IF;

RETURN NEW;
END;
$$ LANGUAGE plpgsql;

CREATE TRIGGER trigger_auditoria_notas
    AFTER UPDATE ON calificaciones
    FOR EACH ROW
    EXECUTE FUNCTION registrar_cambio_nota();

-- ==================================================================
-- 7. DATOS INICIALES (SIN ACENTOS PARA EVITAR PROBLEMAS DE ENCODING)
-- ==================================================================

-- 1. Roles
INSERT INTO roles (id, nombre) VALUES (1, 'ADMIN'), (2, 'PROFESOR'), (3, 'ALUMNO');
-- 2. Centros
INSERT INTO centros (id, nombre, ubicacion) VALUES (1, 'IES Central', 'Madrid');

-- 3. Usuarios (Contraseña: 1234 para todos)
-- Hash: $2a$10$LwjJeRKHaydg2n5bPd.5guuBwZow7V6dZTfit.vl6Re3xgdR88aLi (1234)
INSERT INTO usuarios (id, username, password_hash, nombre, apellidos, email, activo) VALUES
(1, 'admin', '$2a$10$LwjJeRKHaydg2n5bPd.5guuBwZow7V6dZTfit.vl6Re3xgdR88aLi', 'Super', 'Admin', 'admin@tfg.com', true),
(2, 'profe1', '$2a$10$LwjJeRKHaydg2n5bPd.5guuBwZow7V6dZTfit.vl6Re3xgdR88aLi', 'Juan', 'Garcia', 'juan@tfg.com', true),
(3, 'alumno1', '$2a$10$LwjJeRKHaydg2n5bPd.5guuBwZow7V6dZTfit.vl6Re3xgdR88aLi', 'Ana', 'Lopez', 'ana@tfg.com', true),
(4, 'profe_alumno', '$2a$10$LwjJeRKHaydg2n5bPd.5guuBwZow7V6dZTfit.vl6Re3xgdR88aLi', 'Pedro', 'Mix', 'pedro@tfg.com', true);

-- 4. Asignación de Roles
INSERT INTO usuarios_roles (usuario_id, rol_id) VALUES
(1, 1), (2, 2), (3, 3), (4, 2), (4, 3);

-- Sincronizar secuencias
SELECT setval('roles_id_seq', (SELECT MAX(id) FROM roles));
SELECT setval('usuarios_id_seq', (SELECT MAX(id) FROM usuarios));
SELECT setval('centros_id_seq', (SELECT MAX(id) FROM centros));

CREATE TABLE SPRING_SESSION (
                                PRIMARY_ID CHAR(36) NOT NULL,
                                SESSION_ID CHAR(36) NOT NULL,
                                CREATION_TIME BIGINT NOT NULL,
                                LAST_ACCESS_TIME BIGINT NOT NULL,
                                MAX_INACTIVE_INTERVAL INT NOT NULL,
                                EXPIRY_TIME BIGINT NOT NULL,
                                PRINCIPAL_NAME VARCHAR(100),
                                CONSTRAINT SPRING_SESSION_PK PRIMARY KEY (PRIMARY_ID)
);

CREATE UNIQUE INDEX SPRING_SESSION_IX1 ON SPRING_SESSION (SESSION_ID);
CREATE INDEX SPRING_SESSION_IX2 ON SPRING_SESSION (EXPIRY_TIME);
CREATE INDEX SPRING_SESSION_IX3 ON SPRING_SESSION (PRINCIPAL_NAME);

CREATE TABLE SPRING_SESSION_ATTRIBUTES (
                                           SESSION_PRIMARY_ID CHAR(36) NOT NULL,
                                           ATTRIBUTE_NAME VARCHAR(200) NOT NULL,
                                           ATTRIBUTE_BYTES BYTEA NOT NULL,
                                           CONSTRAINT SPRING_SESSION_ATTRIBUTES_PK PRIMARY KEY (SESSION_PRIMARY_ID, ATTRIBUTE_NAME),
                                           CONSTRAINT SPRING_SESSION_ATTRIBUTES_FK FOREIGN KEY (SESSION_PRIMARY_ID) REFERENCES SPRING_SESSION(PRIMARY_ID) ON DELETE CASCADE
);

-- 1. Fix the Professor role name
 UPDATE roles SET nombre = 'ROLE_PROFESOR' WHERE nombre = 'ROFESOR' OR nombre
    = 'PROFESOR';
 -- Ensure other roles have the ROLE_ prefix if needed (though the service now handles it)
     UPDATE roles SET nombre = 'ROLE_ADMIN' WHERE nombre = 'ADMIN';
UPDATE roles SET nombre = 'ROLE_ALUMNO' WHERE nombre = 'ALUMNO';
    -- 2. Fix the passwords to '1234' for all default users
     UPDATE usuarios SET password_hash =
                              '$2a$10$LwjJeRKHaydg2n5bPd.5guuBwZow7V6dZTfit.vl6Re3xgdR88aLi'
     WHERE email IN ('admin@tfg.com', 'juan@tfg.com', 'ana@tfg.com',
          'pedro@tfg.com');

    -- 3. Ensure users are active
    UPDATE usuarios SET activo = true
    WHERE email IN ('admin@tfg.com', 'juan@tfg.com', 'ana@tfg.com',
          'pedro@tfg.com');
